<?xml version="1.0" encoding="UTF-8"?>
<beans xmlns="http://www.springframework.org/schema/beans"
	xmlns:xsi="http://www.w3.org/2001/XMLSchema-instance"
	xmlns:aop="http://www.springframework.org/schema/aop"
	xmlns:context="http://www.springframework.org/schema/context"
	xmlns:mvc="http://www.springframework.org/schema/mvc"
	xsi:schemaLocation="http://www.springframework.org/schema/beans http://www.springframework.org/schema/beans/spring-beans.xsd
		http://www.springframework.org/schema/aop http://www.springframework.org/schema/aop/spring-aop-4.3.xsd
		http://www.springframework.org/schema/context http://www.springframework.org/schema/context/spring-context-4.3.xsd
		http://www.springframework.org/schema/mvc http://www.springframework.org/schema/mvc/spring-mvc-4.3.xsd">

	<!-- Handler Mapping Definition -->
	<!--bean
		id="HandlerMapping"
		class="org.springframework.web.servlet.handler.BeanNameUrlHandlerMapping"
	/-->
	<!-- Controller Definition -->
	<!-- bean
		name="/welcome"
		class="com.lab2.hellocontroller.HelloController"
	/-->
	
	<!-- annotations are active -->
	<mvc:annotation-driven/>
	
	<!-- Package specification -->
	<context:component-scan base-package="com.lab2.hellocontroller"/>
	<context:component-scan base-package="com.lab3.studentadmissioncontroller"/>
	
	<!-- ViewResolver Definition -->
	<bean
		class="org.springframework.web.servlet.view.InternalResourceViewResolver"
	>
		<property name="prefix">
			<value>/WEB-INF/</value>
		</property>
		<property name="suffix">
			<value>.jsp</value>
		</property>
	</bean>
	
	<!-- Loading Resources -->
	<bean
		id="messageSource"
		class="org.springframework.context.support.ReloadableResourceBundleMessageSource">
		<property name="basename">
			<value>/WEB-INF/errormessage</value>
		</property>
	</bean>
</beans>
     
